although	emotional	fan	lord	reeves	relaxed	vouch
1st	2nd	30	47	blessing	convince	december	granted	later	leave	lou	marry	mary	nam	pray	reality	receive	served	tour	viet
wherever
close	number	place	taking
anytime	begin	bet	goes	ill
64	father	reeves	remember
beared	coffin	crematorium	father	tribute
100	29	albums	along	australia	boxer	college	daddy	eric	grandma	grandpa	guess	mine	mr	mummy	myanmar	presented	reeves	sir
entertainment
blues	rhythm	roll
blow	guaranteed	roller	steam
lord	showing
different	familys	generations	quality
anytime	distant	drums	emotions	eved	overcome	reeves	teary
die	mother	word
lovey
melts	prepare	rocker	usually
boast	element	enjoyed	older
across	appreciation	innocent	reeves	reminds	rightly	thread	united
boy	elder	interpretation	mother	number	plausible	raise	sisters	three	tom	treat	whose	wig
1960s	boy	brought	knew
boy
1967	audio	autobiography	book	erudite	pete	rather	reading	recommend	spoken
calling	dear	different	distant	drums	flowing	gone	mum	reeves	takes
drumming	known	lifts	sensational
changed	controlling	four	mine	parents	three
asked	childhood	friends	mom	stop
100	along	beatles	dylan
album	doubt	handedly	story	tommy	unbelievable	weird
barry	done	mix	motown	orchestra	palmer	reminds	robert	unlimited	white
builds	crescendo	magnificent	matched	rarely
broken	fell	hearted	road
90s	95	alive	cut	enthusiastic	folks	grown	hardly	magic	short	talking	uhh	wanna
beat	drummer
arrangements	arrangers	classics	credit	deserved	dramatic	orchestrators	powerful	sharing	youth
dropped	found	trailer	week
cause	parents	phones
camels	desert	east	job	middle	parts	saw	side	till	trailer	wondered
hears
mom
along	pics
generations	prefer
guess	leave
care	chance	met	pushing	satisfied	showing
able	fulfill	gentle	lisa	marie	princilla
jackson	michael	presley
loss
16
alone	die	learned	relationship	show	whenever
barbiedolly	glich	meant
2nd	build	grade	memory	treasure	youth
attention	joint	pay	relates	situations
given	helps	inspirational
bass	david	forget	funk	jamie	jamison	levi	marvin	motown	smokey	stubbs	tops	troubled	underrated
legend	power	seventeen	vocal
17	davis	goes	primary	school	son	spencer	steve	teacher	while	winwood	wrote
16	said
blow	tried
black	natural
aren	popular	recognized	shame	smashing
comments	idea	read	stevie	winwood
100	excellence	line	memories	phenomenal	solid	standard
appreciated	beyond	invent	machine	realize	somebody	soulful	steve	teens	under	virtuoso	younger
1967	aint	touch
case	point	shot
discover	fabulous	group	often	share
22	adaline	ask	brought	enjoying	evening	viewing	youngest
merle
executed	exists	past	reminiscing	tells
14	grandma	introduced	shall
tommy	wifes
1960	finest	singles	stands
afterwords	happened
relax
keeps
shout	teens	tunes
highlights	tragedy
coincidence	favourite	happens
cheap	compilation	decent	park	pictured	skank	trailer
adds	comfort	create	knowing	personal	sorrow
crap	sort
created	forgotten
cases	finished	half
1960	21st	century	certainly	vintage
calmer
bear	seem
careful	entertainer	talking
concert
gorgeous	melt
known	rated	under
delivery	face	high	last	notes	satisfied
american	blues	doubt	james	lifetime	prolific	said	statement	take	taylor	three	white
coolest
appears	concert	enjoying	fine	gone	priscilla	ride
certainly	earth	fella	gorgeous	however	imaging	mark	rolling	soon	stunning
blues	comparison	doubt	genres	incredible	mr	presley
beginning	laughs	side	thinking
blues	parody	period
bluesy	comfortable	definitely	low	roots	style
angel	concerts	died	earth	effort	sufferience
minutes	recoding	studio
coming	gone	videos
cover	forget	harmonica	key	making	soooo
burton	entertainer	glen	hardin	james	tcb	vocalist	yuo
performance
bone	call	interpreter	liked	proof	together
adore	biggest	hot	sexy
close	entertainer	sent
40	burton	james	nelson	rickey	rocks
compared	stealing
adam	backing	barry	faith	john	orchestra	pizzicato	records	strings	superb	technically	wasn
50s	aunts	genuine	heartfelt	orbison	preferred	raved	uncles
based	known	performer	popularity	solely
unlike
baritone	bass	complexing	soprano	talented
alone	bit	depressed	lonely
continue	legacy	lonely	wil
agree	big	completely	converts	expression	feelings	stuff
16	exposed	knew	loves	orbison	roll
16	begin
missed
1988	1989	bournemout	bournemouth	brings	centre	december	forgotton	january	pavillion	rip	road	start	tour	town	truly	venue	westover
both	boys	burnt	cash	die	door	henderson	house	jr	location	performer	sir	site	tennessee	visited
classics	pleasure	stumble	upon
cherish	forget	magnificent	orbison
50s	beat	period	totally
own	range	style
drinking	invent	machine	mediterranean	self
100	agree	wished
assignment	english	homework	looked	minutes	searched
dare	feelings	germany	mum	seldom	totally	two	vulnerable
doesn	folks	glad	roll	stuff
album	dig	ended	moved	remember	talking
actually
wished
junk	sirius	sucks
disc	hank	locklin	recorded	selling
ain	classics	stuff
cramer	delivery	distinctive	floyd	ivorys	legend	locklin
25	anything	stand
dad	mom	western
17	falling	school
banging	dad	incredible	kitchen	recordings
infomercial	jukebox	tv
amen	blessing	knows
hank
funniest	lmao	saw
facebook	lie	liked	photo	post	ricky	shared
hates	sister
grandparents	means	named	quite
barely
childhood	friends	grandpa	serious
fogerty	john
gladys	hearing	knights
john	tired
sharing
shame
dies
behind	childhood	screen	sharing
anybody	piano	robertson
fans	fashioned	post
advice	replying
matter
faithful	infidelity	losing	married	sentiment	temptation	uncomfortable
locklin	opinion
performance
27	taste
happened	isn
hip	low	rap	take
ask	convinced	transplant
englebert	low
last	waltz
touching
became	explain	feelings	global	legend	star	start	suddenly	superstar
englebert
doc	fall
actually	describes	melody
darling
englebert
belongs	legend	loves
someday	wedding
compose	decades	memorable	touching
brought	strickly
whenever
genre	lover
10	11	amazingly	getting	mesmerizing	scale	sharing	superb	thx	undoubtedly	waltz
concert	dream
sweetest
break	everyday	lonely	start	wake
1967	blasted	cassani	comes	engelbert	innamoro	italian	maro	melody	obscure	panzeri	parrot	quando	records	stratosphere
beauty	grandmother
mom
14	cousin	learn	yrs
existed	magnificent
appeals	found	generations	modern
forget	record	walked	wife
both	cloudy	freedom	mornings	presence
appear	mankind	stay
describes
happened	romance
genre	teen
arms	cause	hold	painful	till
number	soulful	tired
cloud	computing	mans
truly	uploading
break	everyday	sleep	try	wake
class	eurovision	recorded
power
care	take	wife
irreplaceable	untouchable
profiting
cruel	ended	ironic	punishment	reckon
lonely
beauty	broken
between	clip	each	far	feedback	hi	memories	messages	read	watched
class	crafted	massively	musicians	perfectly	performed	underrated
big	catchy	harmonies	hum	intro	proper	record
70s	class
january
1st	classics	clubs	europe	germany	hey	honeymoon	in2	message	scan	tips	weeks
comments	editing	watching	worthwhile
ignore	impossible	intoxicating	intro	naturally
adele	eat	etc	harmonies
millions
intro	match
1st	21yr	accurate	daughters	describing	elle	grace
follow	harmonies	maker	number	trust
intro	orchestration	ruins
compose
appreciated	carolinas
dying	eh	slowly
vocals
consolation	far	katharina	learn	loss	sorry
proper	ruby
usa
retarded
teresa
brewer	evening	hill	mockingbird	ms	spend	talented
alongs	bird	brewer	covers	dinah	ford	hill	instead	interpretation	les	lullaby	mary	miller	missed	mitch	page	patti	paul	shore	sixties	sleepy	teresa	using	wake
hill	mockingbird	place
america	found	icon	rip
recordings
cheezoid	complex	glad	likes	superiority
teresa
book	dynamite	oldies	replaced	topped
gentle	loping	sweetest	teresa
docambra	notice	permission	remain	won
earth
earth	unbelievably
copy	eckstine	gras	mardi
sarah	vaughan
76	gives	goosebumps
close	follow
1954	eckstine	timeless
heavenly	met
exquisite	justice	mans	remarkable
male	recordings	sinatraphile	truly
fabulous	underrated
knew	magic
exquisite	mandolin	piece
anybody
renamed	rendition
blood	carlos	flesh
difference	hearing	noisy	tunes
11	17	18	granddaughter	nine
head	musical	slap
became	crap	enough	everywhere	respectable	roll
naughty
environmental	file	impact	statement	town	whirl
scary
ads	belong	care	donald	epic	greeted	group	hillary	message	pissed	political	trump
breath	exercise	literally	needs	son	takes
adult	adults	beings	bringing	brought	children	consider	given	hands	human	incredibly	instead	lies	names	playthings	scary	stupid	whose
parents
door	exactly	nine
cell	download
insinuations	lyric
boo	roll	white
dislike
connotations	different	lane	naughty	shady
met	often	rip	ruby
15	17	accident	bike	died	jimmy	nana	scary	story
goodbye	jimmy
channel	found	guessing	jerry	posted	said	vale
commented	figured	jerry	seems	vale
living	loves	room	sway	swing	weak
00	highest	leave	startled	volume
apart	arte	el	en	met	show	ti
16	legendary	na	type
english	later	learn	said	sway	weak
chocolate	cigar	coffee	cuban	disturbing	draw	faster	imagination	need	partner
cases	language	translation
tech
bit	dean	headphones	pretend
versions
father	lately	sometimes
buble	dean	martin	michael	prefer	spanish
bottle	carnations	champaign
curtis	discovering	photo	pleasant	resembles	tony
backing	dickie	melodic	need	valentine
performance
1958	big	charismatic	crown	door	frankie	gilmorton	green	hotel	local	strength	tower	vaughan
1958	certain	dickie	frankie	further	international	male	mr	nme	poll	presley	previous	running	slot	taking	valentine	vaughan	vocalist	vocalists	voted
flowed	fury	isn	totally	unacceptable
fury	predating
april	charts	listed	march	popular
channel	congratulation	discover	france	hello	pleasure	sharing	sincerely
ancient	break	regret
mans	stops	texting	whose
form	greetings	netherlands
done	release
actress
forgot	gorgeous	hello
bring
actor	crowd	image	tragic
covered
70s	74	alive	buried	ending	forgotten	historical	lee	sironaca
inverted	men	upon	women
everyday	last	treat
departs	everything	fades
emotional
anything	done	forgets	help	hoping	meaningful	might	outstanding	pay	repay	sees	selected	shots	together	wanted
lee
crap	felt	holy	serious
tube
actors	index	interesting	movies
relevant
10m	communicate	fans	knowledge	language	sironaca
effect	enough	funny	including	relationships
magic	sway	technique	weak
dean	martin
failing	fight	headphones	platform	train	trying	urge	waiting	walk
bs	democrat	everytime	starts	violins
darkness	different	flower	guess	interpret	light	rising	talk
child
70s	attraction	beauty	faces	natural
green	listener
045	birds	clip	showing	snow	storm	two
during	hanged	racism	remember	sometime
big	word
heartbreak	pain	suckers
past	present
davis	difference	puts	seeing	skeeter
intelligent	later	nicer	women
cherish	moment	reason
screen	silver
although	bogged	breaks	everything	feels	recover	relationship	takes
actors	compilation	compliments	genius	screen	silver	sironaca
able	add	addition	alan	barrymore	clift	credit	dean	extra	ford	glen	half	hollywood	james	john	ladd	list	men	offhand	past	picture	running	shown	sophia	spencer	stumped	tracy	veronica	wayne	women
ability	express	point	unable
belief	reflects
advance	corresponding	movies	tag
1963	27	cause	incredible	living	missing	released	saying
planet
abandant	blessing	divine	eternal	grace	promise	receive	recognition	reward	selves	waiting	welbeing	welfare
anything	doing	sounded
automatically	bethesda	fallout	gaming	personally
goodnight	thankfully
recommended
actress	cigarette	clip	glass	hand	holds	photo
anything	broken	hearts	help	hurting	mended	sorry
collection	dopamine	however	lee	otherwise	outstanding	place	seems
names	photos	posted	recognized
assured	forgotten	list	restore	sorry
slides
iconic	images	job	movies	sironaca
150	blame	boring	cookie	crop	cutter	duration	entire	fry	teachers	vocal
experienced
actresses	distinguish	gone
actress	close	dark	face	featured	haired	half
angel	dynamite	men	second	sent	women
interpretation
angel	dreaming	human	slap	wake
expressions	face	fits	story	whole
chen	genuinely	peter	touching
briefly	glad	joy	leave	shared
gut	quite	sorry	unusual
arrangement	distraction	huge	images	jumping	poor
changes	happen	happened	thinking
touching
melancholy	sorrow
devastated	feels	stops
dynamite	modern	perform	superb
couples	heavenly	legends	overlapped	screen
melody	performance	unbelievable
barely	fifteen	goodness	heartstrings	herself	lee	list	reality	set	torch	understood	younger
asking	dear	friends	offering	protect	wherever
brings	story
apart	meaningful	powerful	soundtracks
compared	garbage	todays	total
affair	ends	moment	separated
between	frames	putting	strange	transition
tire
37	emotional	goddard	paulette
choir	ear	middle	million	piano	stereo	strings
against	battle	ensues	glorious	gun	last	misunderstood	stand	tyranny	vigilante
actress
flows	opinion
classy	describe	horny	rebellious	story
dynamite	lil	shes
brings	davis	job	originally	skeeter
cant	greats
53	certainly	film	fits	star	superb
female	roll	vocal
40	anybody	cute	recognize	unforgettable
child	comfortable	command	concert	deliver	ease	effortlessly	flat	presence	prodigy	seemed	signature	vibrato	vocalist
boomer	doubt	experience	post	sadly	seem	shame	war
add	black	coupled	easily	effect	enhance	gone	hey	magic	moodier	pace	photographs	plaintive	sadder	slower	sparkle	white
audio	create
books	english	learn	messages
either	grandpa	send
commercial	hilarious	samsung	somehow
newcomers	older	retarded	turn
glory	jeans	morning	soon	wakes
funny	gets	jackson	legend	michael	regarded
behind	co	crap	crowd	himself	knew	plus	sadly	sell	stage	tunes	wrote
cds	dustbin	gary	glitter	throwing
gang	leader
everybody	excuse	honest	liking	nonce
care	done	remains
committed	crime	discussing	sick
funky	gen	instruments	parents
cool	exceptions	frankly	meaningful	nicely	performed	rhythm	seventies	significance	signified	sort	tunes
black	community	group	living	moving	perform	shows	stay	swoon	tavares
amazingly	gorgeous	titans
certain	scene	supernatural
car	fire	star	titans	waking
india	series	titans
fade	taking
mom	sharing
structured
curious	living	members	tavares
bought	supernatural	yeah
angel	creation	foundation	moral	principle	reason	values
disco
angel	arm	beegees	beethoven	boat	couples	cruise	disco	elaborate	fever	fifth	fires	gorgeous	imagination	instrumental	kissing	missing	night	princess	saturday	sea	ship	shoulder	walking
cannot
pleasure	priceless
college	drum	excellent	horns	line	percussion	perform	show
18	die	honestly
matter	remain	timeless
leave
crying	killing
earth	shine	shined	ya
falling	rain
awakened	dream	scared	vivid
hold	legends	myself
10
carpenters	gets	privilege	representation
bag	beaten	birds	cat	morning	natural	paper	spring	type	unlike	wake	whose
expensive	iconized
20	browsing	father	found	teenager	while
controls	each	note	notes	quality	unimaginable
blocks	box	comments	hey	move	sort	texting
clear	english	karen	mother	pronunciation	rare	tongue	word
breaking
bit	hell	surely
abroad	english	lyric	spend	studying
read
15	crying	damn	kinds	likes	reincarnated
backing	sometimes	vocals
butter	cant	describe	honey	running
calmness	comes	happiness	smile
auto	form	funny	generations	grandparents	introduction	lest	listeners	parents	truer	tuned	youth
choir	glad	head	learn	stuck
close	different	yesterday
remains
likes
art	develop	given	millions	museum	piece	pleasure	vocal
clear	colorful	die	karen
goes	memory
became	cause	crush	favourite	friends	knowing	repeat	search	talking
biggest	carpenter	effortless	far	inspiration	karen	own	performing	practice	recordings
clearly	creation	credit	documentary	geniuses	gift	given	iconic	learned	responsible	style	success	two	watching
female	hands
nonsense	timeless
cruel	darkness	short	surrender
70s	billboard	brown	kept	leroy	possibly	slot	stupid
30	32	combination	credit	depressing	deserved	duo	emotions	female	guess	imagine	musicians	personally	relate	richard	said	truth
break
attention	bring	disease	disorder	eating	foundation	needs	prevalent	question	society	soon	superstars	tragedy	two
drum	famous	splendid	track
appreciated	game	recall	reference
share	similar
already	dare	watching
car	door	drive	hang	movies	speaker
asleep	crying	fell	sister
brings	ironic
anyway	likes	listens	mom
attention	beating	clean	crap	draw	garbage	karen	resort	themselves
ages	describe	perfection	smooth
touches	typing
detailed	evergreen	everything	moving	musics	quick	rip
1969	album	bought	dad	far	mother	singles	touch	vocals
darn	onions	running
backs	memories	service
admit	wasn
however
grandparents	hanging	parents
alone	happened	hip	hop	rap	together
cover	feedback
bankrupt	brother	problem
1st	70	chorus	comma	half	melody	noticed	piano	riff	shines
disliked	taste
truly
imitated	resonance	totally
gave	speak	team	themselves
clear	crystal	melancholy	recreate	remarkable
casper	key	recorded	ride	ticket
dear	weekend	wishes
laugh	liking
beautifully	female	match
devastating	loss	sends	shivers
affluence	disturbing	richness	state	valued
excited	knows	night
industry	loss	tragic
bloody	drums	heartfelt	problem	recluse	sadly	soulful	unheard	wanted
meta	realized
birth	death	perception	sorrow	suffering
apologize	charge	completely	discharged	phone	preserve
000	100	bankrupt	barbados	becomes	billion	billions	business	carlos	comes	company	concern	concerns	director	dollar	fall	further	goes	hinds	holders	invest	lawyers	managing	peter	share	suicide	zulus
height	prime	talented
timeless	truly
behind	clear	damn	effortless	ended	karen	rip	seemed	soon	taken
able	arranged	brother	crafted	credit	enough	gets	quieted	repackage	richard	shame	soon
touches
childhood
400	bought	btw	carefully	curios	doll	dollars	googled	indeed	karachi	loops	low	pakistan	preset	quality	rupees
close	five	matter	seconds
body	melodious	sweeter
act	allergies	died	everytime	lose	start	watering
asking	blacklane	bolt	boot	car	class	fresh	pie	shove	steamer
america	nam	saw	viet
couldn	depressed	done	everything	fixed	help	sadder	undo	wished	yourself
30	awakening	chopin	cried	ending	kate	last	minutes	reading	straight	while
latina	mixed	race
90s	child	house	incredible	track
accent	although	dc	moan	southern
disco	fresh	house	often	shows	timeless
14	bell	concerning	fashionable	guess	hair	shape
black	either	mixed	race
1980	90s	attempts	dead	declined	disco	july	rapidly	revival	short	totally
happier	itsliverpool	liverpool	low	making	track
doing	done	dream	gifted	tender
25	business	couldn	hair	mess	million	popular	presence	retired	show	showed	stage	wasn
adorable	beyond	complexity	nuance
due	enough	fully	knew	mostly	popular	problem	rated	stay	together	underappreciated	underrated
beauty	black	blow	call	channel	english	laugh	longer	staves	super	tire	tony	wold
beatles	cares	clearly	conversation	harmonies	hollies	level	match	regard	took	vocal
ahead	harbor	hey	horn	instinctively	kinds	laugh	nash	noticed	often	ships	towards	turns	wondered
clapping	crazy	fantasize	laugh
1966	67	anybody	beginning	both	ears	familiar	following	hearing	hey	hollies	melody	memories	might	miles	minds	parallel	seems	versa	vice	whispering	wrote
attention	paid
150	actually	attack	herbert	hitler	novels	predict	predicting	predictions	series	shape	soviet	start	tried	union	wells	went	wrote
commented	gas	kid	register	station	stopped	store	system	yesterday
camera	deserved	dominates	equal	face	instruments	lead	members	recognition	since
14	agree	british	invasion	matter
compare	cooler	soldiers	tomorrow
already	biography	crossed	fans	making	themselves	two	write
afraid	answer	expert	guitarist	straight
80s	anybody	beatles	getting	influential	ironically	likes	saw	sounding	stop	tunes	type
actually	admit	blown	embarrassed	took
audience	checked	doc	doesn	dream	hypnotizes	might	need	puts	race	state
apparently	birth	died	dude	gospel	jesse	named	resemblence	striking	tomorrow	twin
elders	gives	headache	honest
agree	crap	gang	garbage	gucci	magnificent	replace	rolex	rude	seriously	wait
beach	dream	hawaii	partner	wanna
selling
circle	dont	jerk	kids	section	smart
20th	century	mail	medal	recognizable
carefully	story	tells
brought	glad	hearts	lives	musician
charming	mother	naples	speak	tongue
17	40s	50s	alternative	basic	bold	compared	conclusion	currently	existent	experience	explicit	fossils	group	historic	however	illicit	isn	modern	non	past	points	profane	realise	taste
80s	evoke	evolution	milestone	response	similar
creation	evergreen	melodious
matter	repeated	tired
behind	broke	crazy	decide	dizzy	everytime	excitement	exciting	fear	night	running	star	stop
months	nothings	read	remember	strong
15	22	boyfriend	husband	last	send	since	together	valentine
aren	bullshit	materialistic
gave	thumbs
1988	appreciated	backup	fool	having	incase	might	otherwise	plan	ready	sacred	track	upload	via
afternoon	beach	breeze	california	cool	dress	faded	floaty	levis	linen	refreshing	sand	shirt	suggestive	summer	walk	white
gone
brains	deserves	despecio	humans	light	outbeats	swift	taylor	trillion	views
breath	certain	gave	held	hug	hugs	omg	takes	thinking	tight
1987	fucking	getting	laid	looked	mendes	shawn
changes	crucifix	lets	okay	shirt	three
1980	certainly	focus	soft
80s	during	overplayed	weddings
banger	matter	missing
call	deserver	evergreen	happiest	moment	priceless	thousand
crying
everytime	question	touch
42	kids	lucky	proud
caught	detention	since	teacher
attractive	boy	dude	huge	natural	pinup	screen	seemed	side	soft	star	teenage	typical
18	married	truly	wife
add	honest	idea	innocence	kid	seems	weeks
benson	classified	feelings	george	glen	overall	popstars
attention	create	inside	snatched	taught	uncle
although	blue	budget	front	lowest	screen
aged	cute	downhill	guess	harder	looked	middle	naturally	preserve	typical
ages
90	wasn
blessed	brightens	face	melts	moon	send	stop	thinking	thoughts	wait	wanna
complaining	stop
chock	college	cool	curious	educator	emerge	hi	himself	imho	mederios	mr	prep	president	reinvent	school	went
behind	etc	modern	take
actually	meant	videos
everytime	funny	girlfriend
innocent
beat	excellent	millennium
easy	exactly	innocent	simple	wants
currently	husband	meaningful	present	reduced	sent	tough
quite	record
ain	amen	performance	scott	shine
definitely	performed	vocals
limitlessly	parallel	reincarnated	universe
beginning	cause	cockamame	dead	door	dream	idea	improvement	light	lucky	minute	move	room	second	seeing	tunnel	wait
group	studio
frankie	recollection	slow	thinks	valli
fast	four	horrible	seasons	thinks
apparently	myself	need	supernatural
gets	lose	son	wife
arms	downy	easily	fore	hair	interesting	means	scott	technology	tendons	todays	veins	vintage
along	appeared	association	case	comes	info	interested	mary	realize	recording	show	smothers	sophisticated	technology	tube
70	appearances	easy	engineer	frequently	making	need	studio	technique	tracks	weren	whenever
bass	cool	easy	echoed	emptiness	excellent	four	line	lose	lyric	musically	piano	place	seasons	spectorish	start	stuff
further	theme
1966	20	ain	among	aren	aware	beatles	charting	club	fact	fan	girls	high	larger	lead	less	number	particularly	popularity	reached	said	scott	shine	successful	teenage	vocalist
1965	1966	december	frankie	justice	label	originally	recorded	released	smash	successful	valli
11	19	29	powerful	timeless
beyond	eternal	idea	theme
father	morning	shine	smiling	somehow	thinking	track
000	agree	ain	alone	company	funny	garbage	itunes	marin	mr	none	shine	stand	stands	surname	trio	wholeheartedly
america	american	britain	due	famous	righteous
alike	artistically	both	confuse	deal	deserve	groups	magnificently	outstanding	reason	respect	righteous	unforgettable
28	aloud	apt	four	listens	second	sept	three	trick
head	rings	shine
instruments	missed	ran	somehow	weeks
10	doomsday	knowing
clarity	depth	deteriorated	male	timber	vocalist
definitely	five	tire
create	master	musical	pieces
break	crazy	drama	easy	take	yourself
dead	glorious	musicians	shared	wake
available	beautifully	crafted	defining	equipment	given	haunting	moving	recording
fame	lust	nobody	sucks	touching	write
each	million
19	additional	blows	correct	drummer	format	headphones	hearing	hidden	kan	magnificent	player	presenting	production	ps	record	somewhere	stereo	thru	try
beam	captured	died	download	own	scottie	shined	since
company	create	intelligible	orchestra	overwhelmed	record	vocals
awful	camera	clever	clip	considered	despite	irritating	microphone	obscuring	performance	perhaps
detract	difficult	elsewhere	imprinted	tight	trousers
innocence	kinds	spirted	vocals
arrangement	compare	doesn	harmony	past	super
ballads	engel	given	masculine	melancholy	mid	scott	throttle
keeping	ricky	watch
bass	bottom	miami	whopper
90	bass	classics	florida	honestly	lock	mid	south	whole
agree	anything	ask	cookout	fits	genders	hey	muchm	party	races	seemed	situation	type	ya
beat	coincide	degrade	diss	downgrade	innovate	inspire	na	need	purpose	sha
felt	men	soft	try	women
bit	email	information	intended	months	schedule	solely	week	weeks
comments	dumb	exactly	means	nor	tomorrow	twice	whatever
await	ball	dudes	imagine	leo	less	masterpieces	natural	tarts	wailing
enchanced	graphics	hd	simplistic
happens	paint	wearing
cute	grandma	smile	street
amount	dog	included	media	myself	powerful	seeing	source	twitter	unbelievable
chihuahua	dog	herman	intelligent	jack	lola	malinda	mix	owned	rescue	russell
different	format	prefer	soothing
able	beauty	bottom	delivered	message	tomorrow	twice	unfortunately	weight	word	youngsters
advance	chorus	com	goes	https	melodica	months	remember	s160cdsw59ye	similar	starts	trying	vocaroo
boyfriend
girlfriend	happened	marry	scruffy	unattractive
bulls	epileptic	feels	noise	seized
cars	clear	drive	night	relaxed	streets	vibe
california	car	desert	driving	imagine	moment	roadway	sunset	warm
dear	film	permission	short	sir
forget	gives	leo	memorable
boot	talented
80s	broadcast	classics	huge	streaming
70	art	care	musics	signers
bit	breath	gather	take
gift	giving	goes	keeps
friends	physically
annoying	assume	certainly	himself	judging	leo	listeners	sayer	viewers
crazy	eye	fell	insane	loud	sometime	sorrow	unsaid
action	afro	apparent	bizarre	bob	entire	hot	painting	reason	ross	seriously	throughout
40	brought	c9	daddy	dated	film	haven	instrumental	myself	vintage	yeah
adult	arranging	complete	dozen	later	melody	message	oldies	orchestration	outstanding	pull	simple	standards
countrify
dislike
devices	digital	excellent	far	modern	produce	rely	versions
arts	class	fan	happiness	health	legenda	light	luck	musical	prof	soft
accepting	big	currently	dates	dudes	ha	hair	im	international	pink	range	suit
cutting	doing	gifts	giving	making
hearing	tire
cup	extremely	isn	melting	tea
1980	boyfriends	brother	doormat	safe	sort
care	clown	funny	hospitals	kids	leo	nonetheless	sick	thinks
opening	painter	richard	seeing	simmons	softly	speaks	suggest
afraid
comes	dear	glad	important
