angel	forgotten	mist
comforting	forgot	gentle	graduated	grow	jesus	job	leave	loving	mr	pretensions	simple	smooth	sounds	town
everyday
appreciate	death	fear	funerals	reminded	souls	touches
changes	things
71	comes	puts	tunes
18	1966	47	67	able	aisle	apc	babies	dianne	driver	foreboding	girlfriend	gunner	hawaii	inducted	june	knowledge	laid	married	marry	might	months	senior	texas	took	usmc	walk	wedding
charity	colour	concert	death	dvd	interviewed	june	length	norway	picked	rare	shop	weeks
47	contents	follow	lord	muslim	places	praise	praises	seen	type	universal
lane
1970	favourites	grandfather	jukebox	pub
fine	gentleman	tunes
44yr	album	drift
england	john
1966	coming
lps
1966	everyone	number
remembering
children	comfort
candy	fond	momma	oldies
known
goosebumps
cannot	furniture	gramaphone	itself	piece	replicated	rose	small	somehow	sound	suited	tone	vacuum	valves
everytime	hums
59	almost	crash	death	plane	shattered	singers	untimely
army	join	piece	till	told	wore
peter	served	thinking
40years	drinks	party
captured	everyone	favourite	hrs	reliving	sadly	shares	spent
correctly	crash	disc	jockey	mr	news	plane	wire
47	australia	blue	caught	husband	started	straight	sung	western	whilst
asked	law	loving	mary	war
gentleman	mary
give	soon	taken
bless	distant	drums	inverness	jims	teens
genesis	punk
cafe
2006	frequently	grandmother	quite	september	thinking
breakfast	dean	does	fix	gosh	hank	jimmy	jones	morning	nearly	pancakes	put	sausage
cash	granddad	johnny	liked
arranged	beautifully	enough	knowing	labor	lucky	produced	smile	written
track
cheer	face	grin	lane	trip
hanging	throw
31	babe	husbands	joke	months	yrs
1974	brilliant	wen
fell	gosh
94	az	fm	gold	graffiti	jack	kool	phoenix	posting	show	weekend	wolfman
thought
lady	north	oahu	shore	special	sunset	watching
42	attention	broke	choose	competing	guy	ladies	reconnected	turned
bawled	beatles	broke	checking	gate	guardhouse	lump	sight	throat	wife	work	youtube
everytime	funeral	grandma	head
imagine	side
broke	loving	regret	relationship	should	transparent	woman
blessed	curled	deep	fathers	give	glad	lap	mary	receive	sat	shared	showing	sung	welsh
reminded	usa	youthful
baritone	everytime	golden	swoon
11	adults	announcement	aunt	family	kitchen	shock	shocked	standing	watching
45	67	alive	motown	sound
19
black	college	group	guys	probably	soul	steve	teens	thought	winwood
boot	mono	stereo	steve	winwood
thats
francisco	san
laura	wife
16	clearly	mama
everyday	hearts	laura	longer	remains
depressing	thing	thinking
banger	cars	lorry	meeting	race	racing
11	cd	grandad	learned	listens	sadly
como	italia	laura	turn
video	work
daughter	dont	im	leoni	obviously	stuck	teens	thats	toddler	tunes
dads	favourite	singers
absolutely	artist	grandfathers
dear	distant	drums	maybe	unforgettable
banned	bonnie	lies	lol	ocean	personally	sadder
1960	charts	memorable	wander	weeks
lol
90s	ask	bullshit	called	contact	courage	facebook	flowing	found	happily	joking	kids	laura	living	married	messages	met	plucked	separate	true	ways
blackstone	crossroads	laura	lived	wonder
forget	gonna
grandad	nan
different	experienced	head	shoulders	things
caretaker	embarrassing	everyday	men	need	tommy	usually
check	choice	completely	composure	couldn	favorites	funeral	grandad	guess	kept	mary	melancholy	named	nan	peaceful	perfect	quite	relatively	service	soon	started	thinking	throughout	uplifting	utterly
chronic	constant	engaged	husband	mining	pain	worked
alive	feelings	living	prime
73	alive	lord
21	3rd	acknowledge	anita	anna	damn	depending	gf	grocery	hadn	hooked	knows	macias	might	moment	mothers	oct	ran	reconnected	store	watched	whether
73	king	let	stay	talk	true	watch
believe	hard	less	re
bedroom	deep	etc	forget	looks	oldie	posters	singers	surpass	tuning	videos	wall
58	booth	chemist	local
schoolboy
1965	2018	25	53	78	band	called	decca	fun	gets	golden	hello	included	june	knows	list	might	miming	net	presidents	recording	reflection	released	romance	trend	video
wasn
6pm	become	called	channels	dances	group	hurry	kings	local	star	teenage
31	greatest	ll	start
angel	blue	christmas	gram	lps	orbison	roy	stereo
16	aunt	cousin	cute	dum	everywhere	haha	lonely	orbison	roy	yeh
concert	pictures	took	visited	ya
bro	cat	greatest	roy	stevens	thats	though	tie	whenever
bless
album	boyfriend	loosing	wore
asked	couldn	decades	developed	different	done	impossible	interview	learned	nobody	person	probably	roy	something	style	tell	told
1988	able	appreciation	drop	enough	front	lucky	november	pin	row	roy	seats	uk	unfortunatley	weeks
able	done	quality	revisit	singers	superb	took	treasure	video	youtube
able	anyone	artist	charts	crossed	grows	happened	impeccable	perfection	pop	pure	shot	sung	technically	unforgettable
oldies
grannys	party
anything	nc	raleigh	thought	top
45s	bursting	gave	grandmom	hello	honey	walls
end	thought
1985	86	doing	help	soulful
holiday
apply	lots	navy
hall	party	roll	town
1950s	1960s	grand	ole	opry
entertainment	forward	least	lip	look	started	weekends
remembering
girlfriends	jukebox
ya
mama
1979	asked	bar	barbados	barmaid	coffee	dec	disc	europe	hank	label	middle	next	paper	pickwick	postings	rare	singin	store	unknown	wrote
hank	locklin
chair	clack	clipy	daddy	rocking	sleep
getting	unbelievable	yokel
fed	figure	force
omg
gives	gold	recall
57	hood	weeks
admit	water
calling	hate	hillbilly	myself	reason	whatever
artists	black	saturday	white
delivered	heads	message	minutes	ring	thumbs	unbelievable
bed	imagine	sick
lt	stories
55	posting	watching	wedding
reminiscing
30th	august	learned	roller	skate
everyday	family	happiness
62	married
drinks	family	togethers
definitely
40yrs	club	engelbert	waltz
grandma	grandpa	ol
radiogram
bad
end	lingers	must	should	waltz
seven	strange	understand
hope	wherever
charge	church	liked	person	wedding
aunts	end	floor	mid	receptions	twirling	uncles	wedding
engelbert	humperdinck
1968	gramophone	griffiths	instructions	mrs	primary	shouting	student	taking	teacher	waltz
already	daughter	hand	hands	happened	hold	hug	junior	lend	papa	prom	remained	saying	senior	thing	tight
boyfriend	sentimental	theme
1960s	bus	fairground	happiest	innocence	largs	pal	trip	waltzers
ex	girlfriend
remembering
bedroom	below	kitchen	sun	sunset
1970	british	club	legion	tranent
60th	anniversary	diamond	wedding	weekend
exact
2016	daughter
marvelous	tastefully
fell	grow	lucky
anymore	blast
15	far
11	15	2009	april	feb	jensen	june	living	remembering	room
anyone	remembered
blasting	frank	full	gospel	grandma	jones	passion	presley	sinatra	tom
girlfriend	guy
funny	thought	yrs
everytime	granddad	phenomenal
1977	reminding
anytime	careful	daddy
1968	engelbert	glad	released
coming	daddy	hang	loves	next	omg	philippines
grandfather	grandpa	heaven
rewind	something	tried
flashback	july	remains	uncles
bottom	cause	creator	granddaughter	law	papa	re
album	engelbert	humperdinck	list
closing	help	nothing	relive	remove
2018	pops
own	self	stirs	written
person	relive	sounds	special
lonely	partner	sin
blast	buried	deep	haven	mid	power	seventies	something	suddenly	surface	transport
damn	felt	gave	ok	reminding	secure	should
thats
lane	omg	replaced	talk	trip
almost	posting	teary	vivid
band	catchy	magic	though	track
brothers	sisters	uploading
nowadays	pilot
dream	happier	look	moments
comparison	fore	kids	looks	mattered	modern	musical	offerings	pale	realize	themselves	youtube
closing	evokes	front	future	spend	twenty	wishing
50s	mid	suddenly
25	afterwards	attendance	attractive	called	dairy	disco	doing	drive	driver	drivers	enjoyed	equipment	especially	fork	help	john	ladies	lift	london	mobile	pack	parties	ran	set	sloop	stay	truck	turn	various	west	worked
drop	emotional	middle	pilot	simpler
glad	pleasure	southam
birthday	buying
49	uploading
pilot
aunt	grace
anthony	clich	concerned	full	walsh
any	caught	different	eye	incurable	issue	look	months	motown	platform	realize	romantic	though	undergraduate	vividly	woman
21	anyone	cheated	dated	else	let	married	marry	mary	naver	thornwell	wait
20s	62	captivating	hi	holgmany	karaoke	mid	new	parties	rest	soul
1997	59	aged	australia	belfast	drinking	incurable	murray	romantic	ruby	sadly	same	smoking	soon	sydney	victim
bless	heartthrob	innocent	ruby	simpler
awake	barrack	bond	fellows	nights	room	should	stay	ted	tooting	top	version
60yrs	fast	gram	magical	moments	putting
mums
76	aussie	fan	keen	mad
looked	sounded
58	8th	basco	beginning	fellow	ginnie	ginny	graduated	havu	maddox	nickname	skip	skipper	spelt	students	teenage	virginia	walter
brewer	cleaning	sounded	teresa
page	patti
72	im	off	reach
75	todays
brewer	fan	kinda	lady	named	partial	teresa
darling	heaven	jillian	least	log	week	whole	youtube
eckstine	full	melancholy	warm
cardiff	concert	eckstine	met	sixty	uk	wales	wife
gem	posting	share	superb
1950s	alive	beach	bet	eckstein	golden	island	lido	room	sounded	sounds	standing	took	tour
50s	bye	club	impersonate	kyrill	morgan	mr	trinant
50s	family
boone	clearly	danial	door	ed	green	hilarious	oddly
1962	ames	boone	character	connect	daniel	ed	mingo	niece	quite	series
daughter	hold	months	precious	stumbled
almost	ames	carson	ed	hilarious	johnny	show
generations	head	stuck
61	clever	grandfather	voices
actually	baby	chorus	daughter	haha	step	ve	video	whole
55	literally
2015	brain	comes	embedded	fifty	filtered	flooding	granddaughter	grandsons	nine	parts	subconscious	three	ve
26	above	adore	baby	beloved	daddy	heaven	kisses	listens	thousand
happier	reminder	sincere
computer	experience	sit
covey	emotion	female	fifties	singers	sixties
entirety	lullaby
army	bitter	exact	join	morning	story	turned
children	fortunately	goodbye	haven	jimmy	married	named	raised	started	steady	two
23	crying	hearts	jimmy	stopped
far	felt	happier	jimmy	lullaby	nickname	nicknamed	nonetheless	tyke	upbeat
girls	hurts	million	terribly	thinking	uploading
94	bless	dry	fifty	hand	look	putting	seven	strong	washing
funny	thought
july
badly	jimmy	may	though	try
appeared	enjoy	posting	wanting
usa
shows	watch
1950s	dickie	remembered	valentine
50s
asset	consider	corn	crooner	dickie	earned	entertainer	guy	microphones	near	period	sadly	silk
6rtr	germany	munster
absolutely	ernie	ford	forgotten	should	whenever
brilliant
crazy	post
1954	55	afn	army	germany	hdqrs	luxembourg	seventh	stuttgart	uk
believe	crying	posting
broken	copy	fifties	found	mine	pleased	put	youtube
morning	saturday
morning
16	yrs
missing	must
clasmate	danilo
brenda	dear	emotions	turn
boat	bye	decades	holds	numerous	strong
meaningful	performing	turn
end
brenda	lee	pretty
beautifully	classical	hauntingly
melody	sends
11	booming	foley	gal	introduction	red
flies
anything	backwards	currently	enriched	exchange	fact	forwards	garbage	goes	issues	kids	lives	previous	terrific	wise
senior
explosion	happening
brenda	davis	exposed	skeeter	soul	version
brenda	crush	lee	lol	two
bless	chart	found	sisters
artist	brilliant	everlasting	greetings	ireland
davis	hard	skeerter
2006	broke	sixties
ends	guess	human	knowing	literally	lots	meant	reasons	suppose	toddler
cancer	lord	took
video
thankful	youtube
apart	clock	drifted	gail	turn
film	grow	knowing	stars
asking	lived	seirus	station
november	remembering
dreams	magical	mesmerizes	nostalgias	soul	spell	word
fav	lonely
16
adore
63	accident	avery	bad	basketball	brenda	champs	dear	devistating	graduation	grandfather	junior	kennedy	president	second	senior	shoot	small	state
absorbed	may	sleep	understood	word
enough	liked	meaning	understand
across	cement	hardened	stumbled	ve	version	wet
barber	cents	haircut	lunch	morning	paid	plus	saturday	shop	sitting	snowy	sounds	tip	waiting	winter
dedicated	tara
pictures
omg
11	grandfather	heaven
56
elder	popular
angst	challenges	teenage
2015	55	71	witch
cruise	dances	generation	goes	head	living	moms
hope	maggie	moved	shortly	th
34	im	oldies	others	station
bodies	bouncers	dances	drugs	favourite	missing	money	mutilate	ourselves	park	parties	piercings	police	refreshing	respected	spend	tattoos	tenderness
anybody	ooh	pain	reminded	same
boyfriend	kept	shame	stole
woman
boarding	children	choice	comes	due	felt	grandchildren	hoping	looking	money	nor	thirteen	visit	windows
dumped	emotions	full	girlfriend	loss
top
evokes
1960	ageless	already	appreciate	artists	connie	francis	others	taught
glad	gorgeous	handsome	history	human	humanity	men	movies	must	pity	wise	women	word	youngster
lonely	medicine	oldies	ones
marvelous	moments
happened
bless	brenda	lee	marvelous	may
million
sounds
believe	forgive	instantly
ate
2018	marvelous	moments
2018	dear	remembering	sironaca
forgot
cared
67	mean
1962	56	korea	memorize	popular	speakers	town
alabama	allowance	anything	brenda	buy	case	cent	couldn	earnings	earplug	else	everyday	fair	greater	gulf	japanese	lee	meet	minute	mobile	performance	performed	single	sleep	state	stayed	transistor
dates	doze	hope	off	snow	snowy	south	upper	winter
catchy	simpler
15	contest	dancers	party	philippines	romantic
same	stays
everyone
benson	reason	robbie
sears
simple
backlash	peers	social	worry
english	learned	though
does	flood	germany	stationed	usaf
commercial
ex	rides
although	cupcakes	film	hot	mellowed	saw	soundtrack	summers	wanted
sears
evokes	timeless
distant	hope	however	lives	new	ones	totally
chinese	deeply	english	forget	nearly	small	town	twenty	two
1970	backyard	outside	own	patio	sitting	softly	stations	sun	wonder
band	round	sound
cant	knock
morning	sung	woke
albums	precious
oldies
group	holds
aunts	livingroom	stereo
16	incredible
1976	certainly	dances	hard	memorable	smile	stand	tracks
lady	special
definitely
1977	9th	fell	graduation	john	jr	wannamaker
19	australia	camping	cassette	deck	fishing	gets	glimpses	lonely	north	passes	quickly	remote	sometimes	though	twin	western
76	conversation	drink	hold	intro	mobile	phone	seen
college	dream	graduated	ibm	job
miracles
chester	pa
box	cd	damn	room	worry
homesick	oldies
angel	comparing	idea	merry	perhaps
45	disc	penny	rpm	save
driving	riding	son
28	beach	fell	felt	grandma	sunny	thats
1976	aged	belts	disco	funfair	holiday	minehead	nearly	off	spinning	thrown	waltzer
artists	group
18	1976	taken	whenever
actually	fun	soul	train	watching
15	actually	air	angels	behind	blue	brand	called	crowd	eagle	entire	fighter	flight	flying	introduced	jet	large	new	perform	pilot	plane	routine	saw	show	speakers	strike
47
bbc	chicago	disco
appear	generation	new
dec	greetings	mabuhay	northern	philippines	reminiscing
extreme	longing	period	reason
across
beat	beautifully	cancer	carpenter	close	doing	haven	hope	identical	joy	karaoke	liked	swear	talked	touch
looking	rather	seems
chinese	freedom	grandma	mcdonald
carefree	kept	places	remain	reminded	things
funner	less	simpler	tech
carpenters	riding	tunes
jeez
07	1977	august	carpenters	exactly	husband	met
57	fast	looking
19	cassette	cassettes	change	collection	keeps
license
2016	22nd	daughter	july	remembering
29	dated	impossible	june	lane	owed	pay	taught
29th	48am	dubai	full	june	unforgettable
cried	elementary	flies	getting	quite	stronger	understand
cause	crying
15	reminded
anymore	anything	fast	fix	innocent	person	re	relive	things
alive	comment	common	doing	eye	gives	gonna	goosebumps	ha	internet	isn	leave	ll	maybe	sometimes	teary
2018	august	la	nonstop	sha	shines	woah
arrangement	drum	perfection
27	97	flash	grandma
floods	head	off	recently
june
absolutely	apologies	bad	blow	grammartical	habit	melody	mistakes	relaxed	secondary	send	steam	student
18	although	backseat	english	kindergarten	learned	means
africa	east	kenya
1973	angel	carpenter	may
73	although	angel	called	contemporaries	course	glad	graduated	hs	oldies	sisters
16	68	compare	fast	flies
kindergarten	teacher
51	junior	smiles	teenage
grandmother	remembered
grow
finally	tons
mp3	remembered
beside	longing
1973	64	greatest	september
everytime	musics	traveling
clearly	comeback	noise	omg
sleep
cassette
1970s	elementary
cried	getting	healthy	realized	return	sell	stay	ticket
hahaha
behind	beloved	leaving	nearer	unforgettable
1970s	able	afford	already	band	break	broadcasted	carmen	castes	china	conservative	enough	faction	firm	image	iron	poor	streets	strong
36	painful	sadly	weird
baby	carpenters	damn	lol	loud	lullaby
top
anymore
1973	46	canadian	carole	dating	experienced	flautist	free	french	lives	others	responsibilities	student	thats	transports
primary	romantic
deceased	sentimentality
begin	girls	myself	romantic	romanticism	vision
behind	carpenters	couldn	introduced	putting	repeat	stay
1974	album	arrangements	brothers	cathy	fell	floor	karens	living	neighbor	none	pop	princess	room	sat	second	singles
children
forget	sixth
die	hard
happiest
touches
decency	meaning
bad	sleep
1973	45	australian	cargo	coast	communication	composition	destination	headed	melbourne	mesmerized	purchased	reaching	receiver	rpm	sailing	ship	station	store	style	suddenly	thing	unknown
fresh	give	sadly	sounds
afternoon	cassette	vibes
almost	everytime	piece
5th	certainly	cried	elementary	english	waiting
melted	re
attention	century	coming	desoto	everytime	face	grabbed	half	honestly	liked	nearly	rich	riding	seat	smile	soon	truly
happiest
lots
familiar	rhythm
clearly
actually	family
1973	almost	beach	fl	ft	spent	two	vacation	walton	weeks
show
fond	golden	top
cousins	didnt	doing	drive	emotions	fill	hey	innocence	kids	lane	nuts	seems	soon	spin	trip	weekends
line	rather	reversed	seem	strike	vietnamese
believed	check	cover	free	means	ones	page	slow
1973	date	lingers
shame	types
1960	2018	40th	bkk	europe	till
close	express	meet	single	till	ve
1976	6th	class	glasgow	hansen	montana	teacher
album	christmas	favorites
clearly
finally	found	let
heaven	introduced
2018	clearly	natural	talent
1970	beneath	carpenters	earpiece	guam	june	landing	landscape	unfolded
fabulous	seaside	trips
anymore	crazy	laugh	recall	things
strongly	understand
15	earlier	funny	longed	look	relate	reminiscing
40th	already
album	finally	found	grandpa	japan	shalalala
afternoon	middle	plays
making	myself	stop
competition	emotions	finding	forgot	lived	memorized	singers
flashing	keep	seventies	whenever
actually	against	chinese	countries	different	doesn	english	fight	humanity	loves	races	something	till	ugly	understand	weeping
looking	rather	seem
cant	found	gradually	help	room	stop	understand
affordable	among	brand	buy	cheap	cool	current	display	easter	egg	enough	feature	gather	higher	included	inside	lacks	money	mp3	ones	sadly	something	sorts	struggling	usb
expect	gives	goes	listener	quickly	recalling	serenity	silence
appreciate	due	eighteen	eleven	family	melody	pain	resonate	strongly	struggling	studies	ten
alive	felt	stell
ballroom	capital	disco	dj	edwards	friday	greg	jesus	london	lyceum	radios	town
lots
3pm	busting	everyone	flick	handball	neighborhood	saturday	shaw	tail	watch
birmingham	blades	silver	sundays
15	bar	barman	feed	jukebox	keep	pop	uk
absolutely	july
band	darlington	done	england	fabulous	shirley
1965	1979	57	climb	comes	machine	moves	press	respects	stuff
captial	gold	grow	harmonys
1966	45	among	certainly	exciting	faces	full	genuine	harmonies	hollies	perfect	perform	pleasure	rousing	singers	smiles	soaring	teenage	thirteen	tired	watch
bobby	drumming	drums	elliott	hollies	immediately	perfect	sisters	struck	tried	twenty
carl
45rpm	yardbirds
british	fast	invasion	slipped
against	anti	beatles	beginnings	burn	doob	establishment	guard	guys	kids	revolt	soldiers	sort	thing	wanna	witnessing	yarbirds
1966	ahead	cats	deserved	given	musically	priceless	props	rightly	yardbirds
timeless
husband	met
agree	albums	books	freaking	handsome	history	intrigued	library	millions	peace	presley	read	rest
air	popular	senior
compassionate	confessing	feelings	filled	flashbacks	italy	living	lovers	southern	street
heaven	sung
awesomeness	benson	brilliantly	george	glen	pure
party
cassette	horrible	quality	recorded	recorder
remembered
gentle	innocent	pure	sexuality	violence
90
lasted	wedding
1985	looked	released	swear
18	fast	goes
1987
1988	backyard	learning	slow
experienced	hahaha
90	experience	glad	mid
anyone	clock	else	knowing	ll	messed	rest	thing	turn
build	machine	must	need
ask	damn	dances	jr	nerve
32	loving	met	mine	reconnected	stopped
change	gonna	nothing	same
1980	forget	kill	lady
actually	boys	call	date	jobs	living	longer	marriage	mattered	money	path	phone	romance	seemed	taken	things	value
classics	timeless
met	wife	woman
brain	coming
1987	aren	kids	lasted	raised	wedding	wonder
18	1988	fond	form	leaving	party	sixth
girls	magic	parties	wonderfull
family	felt	moved
close	flashback
beauty	gave	innocence	puppy	recorded	released	serenity	stay	swore
19	1987	almost	beach	exactly	girlfriend	gives	incredible	same	video	watching
90
especially
thankful
although	holiday	italy	restaurant	ve
stomach	turned
bits	chick	hats	phone
doe	eyed	fell	flies	future	innocent	must	optimistic	seemed	watch
18	nothing	succeed	sweetheart	true	try
holiday
mix
anymore	fun	glen	making	recently
build	machine	need
grow	legendary
drive	lake	reservation	roads	sunrise
90s	things
1966	faces	john	scott	version	voices
absolutely	brilliant	brothers	escape	fire	handsome	luton	ritz	saw	walker	wife
colors	hendricks	hippy	jees	jimmie	john	lady	omg	same	screamed	shouted	uk	wearing
faithfully	marry	option	ready	scott	steady	totally	unfortunately	walker	wanted	watched
almost	painful	period
calypso	dances	doing	girls	line	passionate	romantic
england	minute	ready	steady	theicewitch54	watched
brilliant	mums
1996	brilliant	concert	denisex	distant	hemel	hempstead	pav	pavillion	performed	pop	top	volume	warm	wishes
bliss	mums	sheer	side
1966	certainly	hair	hey	kicked	wearing
bands	brothers	else	endless	energies	etched	experiences	gary	hearts	john	nothing	raised	re	roll	scott	walker
16	53	crush	found	girlfriend	heartache	same	sign	true	written
attached	goosebumps	melodrama	sept
attached	mysterious	teens
simpler
absolutely
alive	felt	optimistic
favorites	new	timeless
anymore	broke	rise	sun	thought
give	wendy	whatever
63	brilliant	cam	certainly	hits	vocals
66	almost	bar	beggar	blind	box	cornell	forehead	george	innocent	juke	killing	kray	outright	ronnie	sat	shot	straight	timeless
called	crap	grandchild
crazy	non	stop
audio	cassette	rap
germany	jam	stationed
wise
club	jumping
club	texas
club
cool	guy	lil	look	wayne
damn
90	90s	fiance	floor	generation	new
girls
beats	cant	gardens	roller	rolling	skating	top
def	reminiscing	rink	skating	track
ah	damn	dope	floor	hell	literally	shit	tear	track
ah	rink	skating
88	89	everybody	fl	groups	looking	new	tyndal
1988	anyway	chance	hating	jams	rapping	rocking	whatever
bath	bathing	precious
2009	6th	became	boyfriend	cassette	ex	husband	lol	pass	sent	whenever
deceased	getting	give	hard	something	turn	usually
1980	blink	cat	doggo	enough	existed	eye	feels	forgotten	gives	ish	lady	ll	lucky	probably	saw	serenading	warm
airport	broken	goodbye	moving	saying	state	truly
often	sings
feels	fresh	relate
omg	throw
carefree	joyful	leo
broadcasting	corp	enjoy	excellent	srilanka
apropos	gives	goodness	innocent	smile
january	looking	next	nothing	seat	sitting
inhaling	soon
portland	roller	skated	sweethearts	wedding	wheels	wife
humming
garbage
liked	moment	morning	open
82	danube	exactly	falling	hand	kiss	shores	tied	walks
1981	birthday	care	ladies	shelter	tasmania	tassie	women
62	chevy	driving	flatbed	forgotten	lol	middle	momma	stood
warms
beat	getting	nothing
fresh	gives	green	leaving	leo	sayer	single	tracks
1980	different	drove	girlfriend	indiana	least	phoenix	stations
1998
1980	discos	machine	madrid	pubs
mine	moons
alright
feelings	inside	sung	touched	understand
drives	turns
above	amount	bitter	cherished	enormous
date
boyfriend	cause	field	loud	myself	reminded	trips
1954	anyone	aware	captured	commented	emulate	gifted	grandmother	imagination	others	popular	presence	presentation	sound	started
21	28	cd	crying	divorce	driving	ended	loud	marriage	rolled	turning	windows
